,Run Number,Threads,Std Dev,Size,Executions,Message Time,Exec Time,Work Time
0,1,0,1000,25000,1,0.24104094505310059,243.90335631370544,159.08221769332886
1,2,0,1000,25000,1,0.1740870475769043,221.92224645614624,152.47612929344177
2,3,0,1000,25000,1,0.17690825462341309,223.58461689949036,153.32618856430054
3,4,0,1000,25000,1,0.19179868698120117,222.34822154045105,153.72495579719543
4,5,0,1000,25000,1,0.15049171447753906,224.10344791412354,153.93812203407288
