,Run Number,Threads,Std Dev,Size,Executions,Message Time,Post Message Time,Exec Init Time,Exec Run Time,Whole Work Time,Calc Time
0,1,0,1000,8000,60,1.632761001586914,236.50754141807556,94.89295000000003,2507.948165,2458.096590280533,2013.640081167221
1,2,0,1000,8000,60,1.0179119110107422,225.3419029712677,82.44720499999998,2445.97974,2418.491706609726,1973.3059837818146
2,3,0,1000,8000,60,1.220909833908081,233.3510947227478,87.27007099999999,2446.604365,2417.3688037395477,1970.3411095142365
3,4,0,1000,8000,60,1.223846197128296,230.57298946380615,99.02554400000002,2420.707125000001,2394.5191922187805,1949.8628134727478
4,5,0,1000,8000,60,1.3258719444274902,220.8418688774109,88.33122600000002,2417.7187190000004,2395.400892019272,1959.0943162441254
