,Run Number,Threads,Std Dev,Size,Executions,Message Time,Post Message Time,Exec Init Time,Exec Run Time,Whole Work Time,Calc Time
0,1,0,1000,8000,390,8.587443590164185,224.52770829200745,484.2198019999997,14965.258209999996,14822.742131710052,12022.859787464142
1,2,0,1000,8000,390,7.253001928329468,224.12621235847473,528.9955199999999,14909.302783000014,14774.686354160309,12021.53541469574
2,3,0,1000,8000,390,8.976563692092896,218.92301058769226,499.469221,14838.393365000002,14699.300077676773,11942.70231962204
3,4,0,1000,8000,390,10.671161413192749,223.90732955932617,483.6770359999999,14903.565807999998,14763.297801494598,11983.886322259903
4,5,0,1000,8000,390,11.169036388397217,217.94375324249268,423.24429400000025,14877.423158999998,14739.639317512512,11951.52073931694
