,Run Number,Threads,Std Dev,Size,Executions,Message Time,Post Message Time,Exec Init Time,Exec Run Time,Whole Work Time,Calc Time
0,1,0,1000,1000,1500,185.7076497077942,667.2867546081543,1158.3533110000008,565.3942320000001,225.61362600326538,54.93370294570923
