,Run Number,Threads,Std Dev,Size,Executions,Message Time,Post Message Time,Exec Init Time,Exec Run Time,Whole Work Time,Calc Time
0,1,0,1000,8000,150,2.3265466690063477,242.47541522979736,257.6134760000001,5918.551530000002,5854.025919675827,4728.095563650131
1,2,0,1000,8000,150,3.3391997814178467,223.2574017047882,205.860822,5786.078965999996,5729.059002399445,4617.160922050476
2,3,0,1000,8000,150,2.8328750133514404,219.20130944252014,196.54626499999986,5880.565908000002,5828.7972803115845,4720.784716367722
3,4,0,1000,8000,150,4.3351311683654785,215.3188395500183,175.4746380000001,5798.701555999998,5742.203732252121,4632.62846827507
4,5,0,1000,8000,150,4.142580986022949,222.31036233901978,219.91790899999998,5802.040275,5744.415563344955,4631.047605276108
