,Run Number,Threads,Std Dev,Size,Executions,Message Time,Post Message Time,Exec Init Time,Exec Run Time,Whole Work Time,Calc Time
0,1,0,1000,8000,630,11.218968629837036,207.98192930221558,760.2027100000007,23833.547533999972,23606.80153632164,19154.780141830444
1,2,0,1000,8000,630,12.385757446289062,222.61196517944336,764.0813349999996,23973.26583400003,23765.658936977386,19326.7128200531
2,3,0,1000,8000,630,17.399158000946045,207.32347702980042,675.556545,23846.21985000003,23630.055201768875,19180.81055545807
3,4,0,1000,8000,630,20.61644959449768,211.32396173477173,625.0395199999989,23838.063304999996,23630.23506617546,19200.61477637291
4,5,0,1000,8000,630,26.149068593978882,540.2662887573242,598.4179689999997,13499.334791000003,13318.90518784523,9101.94137263298
