,Run Number,Threads,Std Dev,Size,Executions,Message Time,Post Message Time,Exec Init Time,Exec Run Time,Whole Work Time,Calc Time
0,1,0,1000,8000,90,1.5228443145751953,221.40728569030762,120.89518,3436.197187,3402.818243741989,2735.1036369800568
1,2,0,1000,8000,90,1.523876428604126,216.9974868297577,105.04643499999993,3495.3727489999997,3462.781197309494,2798.3663506507874
2,3,0,1000,8000,90,1.8277273178100586,214.6277096271515,95.91029400000002,3460.763679,3430.8001766204834,2768.8715920448303
3,4,0,1000,8000,90,1.624131441116333,219.31376481056213,114.04207299999999,3512.842831,3478.157773733139,2810.3995933532715
4,5,0,1000,8000,90,1.8192341327667236,225.57020902633667,96.98473999999995,3458.1823509999986,3423.500867128372,2761.513292312622
