,Run Number,Threads,Std Dev,Size,Executions,Message Time,Post Message Time,Exec Init Time,Exec Run Time,Whole Work Time,Calc Time
0,1,0,1000,8000,240,6.344635486602783,217.3908565044403,287.975356,9233.672637999996,9154.777178525925,7431.535622835159
1,2,0,1000,8000,240,6.446410179138184,225.17948484420776,343.8754850000002,9202.876398999997,9116.498401880264,7410.161325931549
2,3,0,1000,8000,240,6.949808835983276,211.20105814933777,261.9163650000001,9248.345533000007,9165.455875635147,7467.538408041
3,4,0,1000,8000,240,7.559528112411499,214.86033701896667,258.64420300000006,9208.867995,9126.125537395477,7423.189666748047
4,5,0,1000,8000,240,8.762170553207397,209.80482363700867,252.20610399999998,9275.40152699999,9188.023276805878,7493.806110858917
