,Run Number,Threads,Std Dev,Size,Executions,Message Time,Post Message Time,Exec Init Time,Exec Run Time,Whole Work Time,Calc Time
0,1,0,1000,25000,8,0.4220256805419922,243.24332094192505,8.050468,1858.381364,1840.8148381710052,1260.286518573761
1,2,0,1000,25000,8,0.5214536190032959,224.14424514770508,7.924377999999999,1718.454208,1716.2334415912628,1209.3548681735992
2,3,0,1000,25000,8,0.31656908988952637,224.40860223770142,5.622164,1727.096348,1724.6368157863617,1219.46635389328
3,4,0,1000,25000,8,0.3208310604095459,221.80581259727478,6.199013999999999,1718.6066929999997,1716.3212802410126,1216.0152757167816
4,5,0,1000,25000,8,0.4221835136413574,225.8452091217041,7.108448999999999,1728.8603580000001,1726.1644570827484,1220.4528172016144
