,Run Number,Threads,Std Dev,Size,Executions,Message Time,Exec Time,Work Time
0,1,0,1000,8000,30,4.463809251785278,233.5303020477295,1076.3232338428497
1,2,0,1000,8000,30,4.481560945510864,226.57830166816711,1074.372895002365
2,3,0,1000,8000,30,4.3106608390808105,229.4827802181244,1104.6198251247406
3,4,0,1000,8000,30,4.347966194152832,232.63202166557312,1107.2876274585724
4,5,0,1000,8000,30,4.68205714225769,231.83317470550537,1081.8274528980255
