,Run Number,Threads,Std Dev,Size,Executions,Message Time,Post Message Time,Exec Init Time,Exec Run Time,Whole Work Time,Calc Time
0,1,0,1000,25000,13,0.5208652019500732,247.05786085128784,13.215921,2998.3412249999997,2949.230446577072,2026.4693825244904
1,2,0,1000,25000,13,0.5201163291931152,226.36793446540833,9.784187,2794.7835779999996,2790.997570037842,1966.5086572170258
2,3,0,1000,25000,13,0.4163496494293213,227.36005353927612,9.388186,2773.111484,2767.8347449302673,1945.474494934082
3,4,0,1000,25000,13,0.4225146770477295,222.445809841156,9.359491999999998,2764.369457,2760.39226603508,1950.9788677692413
4,5,0,1000,25000,13,0.4125635623931885,224.42707443237305,9.009678,2770.584832,2767.060605764389,1956.1592953205109
