,Run Number,Threads,Std Dev,Size,Executions,Message Time,Post Message Time,Exec Init Time,Exec Run Time,Whole Work Time,Calc Time
0,1,0,1000,25000,21,0.83026123046875,250.84032940864563,20.654085,4706.473789000001,4662.766579627991,3226.0730662345886
1,2,0,1000,25000,21,0.523576021194458,226.27127695083618,19.704201,4433.286889999999,4427.447982788086,3134.729586839676
2,3,0,1000,25000,21,0.6215553283691406,223.52631330490112,14.510635000000002,4435.685808,4429.046216249466,3135.402982234955
3,4,0,1000,25000,21,0.520744800567627,223.22115850448608,18.223112999999998,4408.731943,4402.348491430283,3135.0391681194305
4,5,0,1000,25000,21,0.7201638221740723,226.92739367485046,17.764503,4425.838123,4419.897566080093,3142.373008966446
