,Run Number,Threads,Std Dev,Size,Executions,Message Time,Post Message Time,Exec Init Time,Exec Run Time,Whole Work Time,Calc Time
0,1,0,1000,25000,3,0.21497511863708496,231.73802661895752,2.514919,681.759699,680.5834076404572,477.6867325305939
1,2,0,1000,25000,3,0.3191506862640381,225.52885913848877,2.061544,657.897734,656.9324240684509,461.5382089614868
2,3,0,1000,25000,3,0.31550168991088867,221.68674850463867,1.850853,653.53648,652.3028762340546,458.2878315448761
3,4,0,1000,25000,3,0.31420207023620605,223.84812116622925,3.12364,648.823628,647.8843398094177,455.10597038269043
4,5,0,1000,25000,3,0.21647977828979492,222.9268491268158,4.066689,650.387804,649.4003751277924,456.9039602279663
