,Run Number,Threads,Std Dev,Size,Executions,Message Time,Post Message Time,Exec Init Time,Exec Run Time,Whole Work Time,Calc Time
0,1,0,1000,25000,55,1.0314483642578125,266.64545130729675,54.616303,11999.248707999997,11887.928105354309,8375.985637426376
1,2,0,1000,25000,55,1.3299505710601807,248.41643571853638,42.829693999999996,11399.808299,11383.557474374771,8157.170900583267
2,3,0,1000,25000,55,1.02541184425354,253.2267563343048,50.687916000000016,11421.671825,11405.116656541824,8170.075684547424
3,4,0,1000,25000,55,1.0331988334655762,245.7455129623413,41.55637200000002,11330.617918999998,11313.574228286743,8108.15091085434
4,5,0,1000,25000,55,1.5239644050598145,242.9639914035797,56.41622199999999,11358.731784,11340.745911359787,8128.4775722026825
