,Run Number,Threads,Std Dev,Size,Executions,Message Time,Post Message Time,Exec Init Time,Exec Run Time,Whole Work Time,Calc Time
0,1,0,1000,25000,5,0.3175358772277832,232.67610454559326,3.486321,1114.596694,1110.1494584083557,779.5932693481445
1,2,0,1000,25000,5,0.32179951667785645,227.33865404129028,4.286616,1092.829115,1090.8496389389038,765.4187798500061
2,3,0,1000,25000,5,0.3147714138031006,225.3256332874298,3.6206950000000004,1090.499671,1088.7234370708466,768.2484967708588
3,4,0,1000,25000,5,0.5230541229248047,222.00389790534973,4.207042,1086.046331,1084.4157049655914,763.4671657085419
4,5,0,1000,25000,5,0.2193148136138916,227.2065670490265,3.477361,1094.621596,1092.5540895462036,768.8816051483154
