,Run Number,Threads,Std Dev,Size,Executions,Message Time,Post Message Time,Exec Init Time,Exec Run Time,Whole Work Time,Calc Time
0,1,0,1000,25000,1,0.21711373329162598,243.96166467666626,0.666967,241.835818,241.27327466011047,162.84499597549438
1,2,0,1000,25000,1,0.21959209442138672,224.95038604736328,0.685085,223.333676,222.99245715141296,156.08237552642822
2,3,0,1000,25000,1,0.21647143363952637,224.8514003753662,0.659674,223.333475,222.96936202049255,157.06939554214478
3,4,0,1000,25000,1,0.21839404106140137,224.94046664237976,0.638812,223.414152,222.8424460887909,157.2408995628357
4,5,0,1000,25000,1,0.2200636863708496,224.8813512325287,0.613142,223.406086,223.07012248039246,156.17747616767883
