,Run #,Executions,Complete Run Time,Startup Workers,Workers Ready,Message Time,Post Message Time,Exec Init Time,Exec Run Time,Whole Work Time
0,1,1224,338.54762415215373,9.927898645401e-07,5.998525799252093,6.6887859236449,322.2723861588165,1017.7305769999989,31827.581189999957,31818.127724170685
1,2,1224,349.7149974917993,1.0421499609947205e-06,5.487712766975164,6.584622772410512,334.30206310749054,880.5033980000001,31756.40946499998,31744.398418188095
2,3,1224,338.3304009716958,1.062639057636261e-06,5.494401111267507,6.590062004514039,322.8768961979076,925.3476170000001,31938.665831999962,31931.41192507744
3,4,1224,346.4247112395242,1.058913767337799e-06,5.499744203872979,6.692290428094566,330.88606230635196,923.5477299999991,31851.112309000007,31837.24077153206
4,5,1224,352.6422518575564,1.0095536708831787e-06,5.5002281833440065,6.391389993950725,337.3908121548593,860.2496800000006,31764.03437799995,31752.768458604813
