,Run Number,Threads,Std Dev,Size,Executions,Message Time,Post Message Time,Exec Init Time,Exec Run Time,Whole Work Time,Calc Time
0,1,0,1000,25000,2,0.21624469757080078,231.48218631744385,1.78875,456.454638,454.9801142215729,317.1678011417389
1,2,0,1000,25000,2,0.2160184383392334,227.27805018424988,1.26325,441.68269799999996,441.0448384284973,309.3370084762573
2,3,0,1000,25000,2,0.21509718894958496,227.22078776359558,1.548902,442.52320199999997,441.36588740348816,309.856294631958
3,4,0,1000,25000,2,0.3164963722229004,223.92761611938477,1.285941,442.67547,441.831805229187,309.11981439590454
4,5,0,1000,25000,2,0.21318840980529785,228.0390453338623,1.34333,441.92920200000003,441.18950629234314,309.4516158103943
