,Run Number,Threads,Std Dev,Size,Executions,Message Time,Post Message Time,Exec Init Time,Exec Run Time,Whole Work Time,Calc Time
0,1,0,1000,25000,34,0.822404146194458,246.999347448349,48.72430199999999,7468.457716,7357.94286775589,5158.463022708893
1,2,0,1000,25000,34,0.9166946411132812,222.601904630661,24.984436,7028.246268000001,7019.124539375305,5009.945459842682
2,3,0,1000,25000,34,0.819091796875,223.58964562416077,25.06903,7030.170364,7019.148902654648,5016.801105260849
3,4,0,1000,25000,34,0.8230972290039062,221.8576500415802,23.801391000000006,7020.5921579999995,7010.944774866104,5011.475724935532
4,5,0,1000,25000,34,1.1254379749298096,228.71480917930603,24.282647,7053.774450999998,7044.455812931061,5037.515399217606
